FirstName,LastName,EventName,URL
A.L.,Jackson,book-bonanza,https://susan-bookbonanza.web.app/
Abbi,Glines,book-bonanza,https://susan-bookbonanza.web.app/
Adriana,Locke,book-bonanza,https://susan-bookbonanza.web.app/
Aleatha,Romig,book-bonanza,https://susan-bookbonanza.web.app/
Alex,Grayson,book-bonanza,https://susan-bookbonanza.web.app/
Aly,Martinez,book-bonanza,https://susan-bookbonanza.web.app/
Amo,Jones,book-bonanza,https://susan-bookbonanza.web.app/
Amy A.,Bartol,book-bonanza,https://susan-bookbonanza.web.app/
Amy,Daws,book-bonanza,https://susan-bookbonanza.web.app/
Amy,Harmon,book-bonanza,https://susan-bookbonanza.web.app/
Anna,Todd,book-bonanza,https://susan-bookbonanza.web.app/
April,White,book-bonanza,https://susan-bookbonanza.web.app/
Audrey,Carlan,book-bonanza,https://susan-bookbonanza.web.app/
Aurora Rose,Reynolds,book-bonanza,https://susan-bookbonanza.web.app/
Avery,Flynn,book-bonanza,https://susan-bookbonanza.web.app/
BB,Easton,book-bonanza,https://susan-bookbonanza.web.app/
Brittainy C,Cherry,book-bonanza,https://susan-bookbonanza.web.app/
Callie,Hart,book-bonanza,https://susan-bookbonanza.web.app/
Cambria,Hebert,book-bonanza,https://susan-bookbonanza.web.app/
Carly,Phillips,book-bonanza,https://susan-bookbonanza.web.app/
Caroline,Kepnes,book-bonanza,https://susan-bookbonanza.web.app/
Catherine,Cowles,book-bonanza,https://susan-bookbonanza.web.app/
Cathlin,Shahriary,book-bonanza,https://susan-bookbonanza.web.app/
Celia,Aaron,book-bonanza,https://susan-bookbonanza.web.app/
Claire,Contreras,book-bonanza,https://susan-bookbonanza.web.app/
Colleen,Hoover,book-bonanza,https://susan-bookbonanza.web.app/
Cora,Carmack,book-bonanza,https://susan-bookbonanza.web.app/
Corinne,Michaels,book-bonanza,https://susan-bookbonanza.web.app/
Daisy,Prescott,book-bonanza,https://susan-bookbonanza.web.app/
Danielle,James,book-bonanza,https://susan-bookbonanza.web.app/
Danielle,Jamie,book-bonanza,https://susan-bookbonanza.web.app/
Danielle,Pearl,book-bonanza,https://susan-bookbonanza.web.app/
Daryl,Banner,book-bonanza,https://susan-bookbonanza.web.app/
Dawn L.,Chiletz,book-bonanza,https://susan-bookbonanza.web.app/
Debra,Anastasia,book-bonanza,https://susan-bookbonanza.web.app/
Devney,Perry,book-bonanza,https://susan-bookbonanza.web.app/
Drew,Elyse,book-bonanza,https://susan-bookbonanza.web.app/
Dylan,Allen,book-bonanza,https://susan-bookbonanza.web.app/
E L,James,book-bonanza,https://susan-bookbonanza.web.app/
Elizabeth,Hunter,book-bonanza,https://susan-bookbonanza.web.app/
Elle,Christensen,book-bonanza,https://susan-bookbonanza.web.app/
Emily,March,book-bonanza,https://susan-bookbonanza.web.app/
Emma,Scott,book-bonanza,https://susan-bookbonanza.web.app/
Eric R,Asher,book-bonanza,https://susan-bookbonanza.web.app/
Erin,Noelle,book-bonanza,https://susan-bookbonanza.web.app/
Fisher,Amelie,book-bonanza,https://susan-bookbonanza.web.app/
Ginger,Scott,book-bonanza,https://susan-bookbonanza.web.app/
Heidi,McLaughlin,book-bonanza,https://susan-bookbonanza.web.app/
Helena,Hunting,book-bonanza,https://susan-bookbonanza.web.app/
Ilsa Madden,Mills,book-bonanza,https://susan-bookbonanza.web.app/
J.D.,Hollyfield,book-bonanza,https://susan-bookbonanza.web.app/
J.R.,Rogue,book-bonanza,https://susan-bookbonanza.web.app/
J.S.,Scott,book-bonanza,https://susan-bookbonanza.web.app/
JA,Huss,book-bonanza,https://susan-bookbonanza.web.app/
Jana,Aston,book-bonanza,https://susan-bookbonanza.web.app/
Jay,McLean,book-bonanza,https://susan-bookbonanza.web.app/
Jenika,Snow,book-bonanza,https://susan-bookbonanza.web.app/
Jessica,Hawkins,book-bonanza,https://susan-bookbonanza.web.app/
Jessica,Prince,book-bonanza,https://susan-bookbonanza.web.app/
Jessica,Ruben,book-bonanza,https://susan-bookbonanza.web.app/
Jewel E,Ann,book-bonanza,https://susan-bookbonanza.web.app/
Jillian,Dodd,book-bonanza,https://susan-bookbonanza.web.app/
Julia,Whelan,book-bonanza,https://susan-bookbonanza.web.app/
Julie A,Richman,book-bonanza,https://susan-bookbonanza.web.app/
Julie,Murphy,book-bonanza,https://susan-bookbonanza.web.app/
K.,Bromberg,book-bonanza,https://susan-bookbonanza.web.app/
K.A.,Linde,book-bonanza,https://susan-bookbonanza.web.app/
Kandi,Steiner,book-bonanza,https://susan-bookbonanza.web.app/
Karina,Halle,book-bonanza,https://susan-bookbonanza.web.app/
Karla,Sorensen,book-bonanza,https://susan-bookbonanza.web.app/
Kate,Stewart,book-bonanza,https://susan-bookbonanza.web.app/
Kathy,Ireland,book-bonanza,https://susan-bookbonanza.web.app/
Katie,Ashley,book-bonanza,https://susan-bookbonanza.web.app/
Kayti,McGee,book-bonanza,https://susan-bookbonanza.web.app/
Kendall,Grey,book-bonanza,https://susan-bookbonanza.web.app/
Kendall,Ryan,book-bonanza,https://susan-bookbonanza.web.app/
Kennedy,Ryan,book-bonanza,https://susan-bookbonanza.web.app/
Kenzie,Hart,book-bonanza,https://susan-bookbonanza.web.app/
Kerrigan,Byrne,book-bonanza,https://susan-bookbonanza.web.app/
Kim,Holden,book-bonanza,https://susan-bookbonanza.web.app/
Kim,Jones,book-bonanza,https://susan-bookbonanza.web.app/
Kindle,Alexander,book-bonanza,https://susan-bookbonanza.web.app/
KL,Grayson,book-bonanza,https://susan-bookbonanza.web.app/
Kristann,Monaghan,book-bonanza,https://susan-bookbonanza.web.app/
Kristen,Proby,book-bonanza,https://susan-bookbonanza.web.app/
Kylie,Scott,book-bonanza,https://susan-bookbonanza.web.app/
L.B.,Dunbar,book-bonanza,https://susan-bookbonanza.web.app/
Laurelin,Paige,book-bonanza,https://susan-bookbonanza.web.app/
Lauren,Rowe,book-bonanza,https://susan-bookbonanza.web.app/
Leslie,Fear,book-bonanza,https://susan-bookbonanza.web.app/
Lexi,Blake,book-bonanza,https://susan-bookbonanza.web.app/
Lexi,Ryan,book-bonanza,https://susan-bookbonanza.web.app/
Lisa Renee,Jones,book-bonanza,https://susan-bookbonanza.web.app/
Liv,Morris,book-bonanza,https://susan-bookbonanza.web.app/
LJ,Shen,book-bonanza,https://susan-bookbonanza.web.app/
Lorelei,James,book-bonanza,https://susan-bookbonanza.web.app/
Louise,Bay,book-bonanza,https://susan-bookbonanza.web.app/
Marni,Mann,book-bonanza,https://susan-bookbonanza.web.app/
Mary,Ting,book-bonanza,https://susan-bookbonanza.web.app/
Max,Monroe,book-bonanza,https://susan-bookbonanza.web.app/
Meghan,March,book-bonanza,https://susan-bookbonanza.web.app/
Meghan,Quinn,book-bonanza,https://susan-bookbonanza.web.app/
Melanie,Harlow,book-bonanza,https://susan-bookbonanza.web.app/
Melody,Anne,book-bonanza,https://susan-bookbonanza.web.app/
Meredith,Wild,book-bonanza,https://susan-bookbonanza.web.app/
Mia,Asher,book-bonanza,https://susan-bookbonanza.web.app/
Michele,McDaniel,book-bonanza,https://susan-bookbonanza.web.app/
Michelle,Mankin,book-bonanza,https://susan-bookbonanza.web.app/
Michelle,Warren,book-bonanza,https://susan-bookbonanza.web.app/
Molly,McAdams,book-bonanza,https://susan-bookbonanza.web.app/
Monica,Murphy,book-bonanza,https://susan-bookbonanza.web.app/
Natasha,Boyd,book-bonanza,https://susan-bookbonanza.web.app/
Natasha,Madison,book-bonanza,https://susan-bookbonanza.web.app/
Niall,Leonard,book-bonanza,https://susan-bookbonanza.web.app/
Nicole,Loufas,book-bonanza,https://susan-bookbonanza.web.app/
P,Dangelico,book-bonanza,https://susan-bookbonanza.web.app/
Paige,Weaver,book-bonanza,https://susan-bookbonanza.web.app/
Penny,Reid,book-bonanza,https://susan-bookbonanza.web.app/
Quinn,Loftis,book-bonanza,https://susan-bookbonanza.web.app/
R.S.,Grey,book-bonanza,https://susan-bookbonanza.web.app/
Rachel,Higginson,book-bonanza,https://susan-bookbonanza.web.app/
Rachel Van,Dyken,book-bonanza,https://susan-bookbonanza.web.app/
RC,Boldt,book-bonanza,https://susan-bookbonanza.web.app/
Red,Phoenix,book-bonanza,https://susan-bookbonanza.web.app/
Renee,Carlino,book-bonanza,https://susan-bookbonanza.web.app/
Robinne,Lee,book-bonanza,https://susan-bookbonanza.web.app/
Rochelle,Paige,book-bonanza,https://susan-bookbonanza.web.app/
Roni,Loren,book-bonanza,https://susan-bookbonanza.web.app/
Ruth,Cardello,book-bonanza,https://susan-bookbonanza.web.app/
Ruth,Clampett,book-bonanza,https://susan-bookbonanza.web.app/
S.L,Scott,book-bonanza,https://susan-bookbonanza.web.app/
Samantha,Christy,book-bonanza,https://susan-bookbonanza.web.app/
Sara,Ney,book-bonanza,https://susan-bookbonanza.web.app/
SC,Stephens,book-bonanza,https://susan-bookbonanza.web.app/
Shantel,Tessier,book-bonanza,https://susan-bookbonanza.web.app/
Shay,Savage,book-bonanza,https://susan-bookbonanza.web.app/
Shayla,Black,book-bonanza,https://susan-bookbonanza.web.app/
Sierra,Simone,book-bonanza,https://susan-bookbonanza.web.app/
Skye,Warren,book-bonanza,https://susan-bookbonanza.web.app/
Staci,Hart,book-bonanza,https://susan-bookbonanza.web.app/
Stylo,Fantome,book-bonanza,https://susan-bookbonanza.web.app/
Tammara,Webber,book-bonanza,https://susan-bookbonanza.web.app/
Tarryn,Fisher,book-bonanza,https://susan-bookbonanza.web.app/
Teagan,Hunter,book-bonanza,https://susan-bookbonanza.web.app/
Tiffanie,DeBartolo,book-bonanza,https://susan-bookbonanza.web.app/
TK,Rapp,book-bonanza,https://susan-bookbonanza.web.app/
TM,Frazier,book-bonanza,https://susan-bookbonanza.web.app/
Travey Garvis,Graves,book-bonanza,https://susan-bookbonanza.web.app/
Vannoy,Fite,book-bonanza,https://susan-bookbonanza.web.app/
Vi,Keeland,book-bonanza,https://susan-bookbonanza.web.app/
Willow,Aster,book-bonanza,https://susan-bookbonanza.web.app/